{"cameraMode":{"drawMode":0,"name":"Shaded","section":"Shading Mode"},"sceneLighting":true,"audioPlay":false,"sceneViewState":{"showFog":true,"showMaterialUpdate":false,"showSkybox":true,"showFlares":true,"showImageEffects":true,"showParticleSystems":true,"showVisualEffectGraphs":true,"m_FxEnabled":true},"in2DMode":false,"pivot":{"x":23.246999740600587,"y":-0.14900001883506776,"z":-17.90361976623535},"rotation":{"x":-0.08116517961025238,"y":-0.037438876926898959,"z":0.003028600011020899,"w":-0.9960119724273682},"size":0.3487747609615326,"orthographic":false}